<?xml version='1.0' encoding='utf-8'?>

<!DOCTYPE hibernate-configuration PUBLIC
        "-//Hibernate/Hibernate Configuration DTD 3.0//EN"
        "http://www.hibernate.org/dtd/hibernate-configuration-3.0.dtd">

<hibernate-configuration>

	<session-factory>

		<!-- Database connection settings -->
		<property name="connection.driver_class">com.mysql.cj.jdbc.Driver</property>
		<property name="connection.url">jdbc:mysql://localhost/trainingdb</property>
		<property name="connection.username">root</property>
		<property name="connection.password">root</property>

		<!-- JDBC connection pool (use the built-in) -->
		<property name="connection.pool_size">5</property>

		<!-- SQL dialect -->
		<property name="dialect">org.hibernate.dialect.MySQL8Dialect</property>

		<!-- second-level cache -->

		<property name="cache.provider_class">org.hibernate.cache.internal.NoCacheProvide</property>

		<!-- Echo all executed SQL to stdout -->
		<property name="show_sql">true</property>

		<!-- Drop and re-create the database schema on startup -->
		<property name="hbm2ddl.auto">update</property>
		<mapping class="com.hiber.question1" />
		<mapping class="com.hibernate.day1.customer" />


		<mapping class="com.hiber.answer1" />










	</session-factory>

</hibernate-configuration>